{"schemaVersion":"1.0","appDefinitionTemplate":{"id":"/providers/Microsoft.PowerApps/apps/","type":"Microsoft.PowerApps/apps","tags":{"primaryDeviceWidth":"640","primaryDeviceHeight":"1136","sienaVersion":"20210217T092800Z-3.21021.39.0","deviceCapabilities":"","supportsPortrait":"true","supportsLandscape":"false","primaryFormFactor":"Phone","publisherVersion":"3.21021.39","minimumRequiredApiVersion":"2.2.0","hasComponent":"true","hasUnlockedComponent":"true","isUnifiedRootApp":"false"},"properties":{"appVersion":"2021-02-17T09:28:00Z","lifeCycleId":"Published","createdByClientVersion":{"major":3,"minor":21021,"build":39,"revision":0,"majorRevision":0,"minorRevision":0},"minClientVersion":{"major":3,"minor":21021,"build":39,"revision":0,"majorRevision":0,"minorRevision":0},"backgroundColor":"rgba(37, 62, 143, 1)","backgroundImageUri":"/6110905744244816786/N016dd640-d653-43bd-b600-8d6901af2b7c-logoSmallFile","displayName":"AteaVikarApp","description":"","commitMessage":"","appUris":{"documentUri":{"value":"/6110905744244816786/N9a5ccbb1-863c-4e99-a1df-a789ca23cb71-document.msapp"},"imageUris":[]},"createdTime":"0001-01-01T00:00:00Z","lastModifiedTime":"0001-01-01T00:00:00Z","sharedGroupsCount":0,"sharedUsersCount":0,"icons":{"smallIconUri":"/6110905744244816786/N031d6b3d-d469-4e18-bc86-7b821ca4e96e-small.png","mediumIconUri":"/6110905744244816786/N3f24d484-610c-497c-bcd7-f85bbcf77d3e-medium.png","largeIconUri":"/6110905744244816786/Ncc1e03fe-ab23-49ec-8a7b-6a7e0e9f1776-large.png","wideIconUri":"/6110905744244816786/N9ae5d335-ef6b-41b5-94b8-03f0a035ad7d-wide.png"},"connectionReferences":{"5765dd0b-fea9-4c72-8edb-e8dd35de8875":{"id":"5ac2f6d2-23f9-437b-b585-8a9abbb46d76","displayName":"Office 365-brukere","iconUri":"https://connectoricons-prod.azureedge.net/releases/v1.0.1430/1.0.1430.2296/office365users/icon.png","dataSources":["Office365Users"],"dependencies":[],"dependents":[],"parameterHints":{},"isOnPremiseConnection":false,"bypassConsent":false,"dataSets":{},"apiTier":"Standard","isCustomApiConnection":false,"actions":["UserProfileV2","SearchUserV2"]},"e04550a1-0eaf-4190-b940-80f51bf90a63":{"id":"fd2d3a86-a585-4042-b786-ae4423b8da6c","displayName":"SharePoint","iconUri":"https://connectoricons-prod.azureedge.net/releases/v1.0.1431/1.0.1431.2301/sharepointonline/icon.png","dataSources":["ACLList","AppArchive","AppQueue","AppQueueResponses","AppRequests","AppSchoolDisplayName","AppSchoolAccess"],"dependencies":[],"dependents":[],"parameterHints":{},"isOnPremiseConnection":false,"bypassConsent":false,"dataSets":{"https://ateashowroom.sharepoint.com/sites/VikarApp321":{"dataSources":{"ACLList":{"tableName":"37f4575d-e968-416b-a62a-9d6e3041bf4e"},"AppArchive":{"tableName":"81693bfc-8363-43c7-b468-b32712e157c8"},"AppQueue":{"tableName":"5db23745-4169-45f2-a7b9-a32ba5746a0b"},"AppQueueResponses":{"tableName":"221d7c91-9f93-4477-8eca-d7da6095f92e"},"AppRequests":{"tableName":"a1cf99e1-120d-4730-8787-4128eab75d70"},"AppSchoolDisplayName":{"tableName":"00e55f54-c3d3-4b3a-99f3-e054ad2ad0af"},"AppSchoolAccess":{"tableName":"13b150d2-19e0-4132-b0a9-f1c5531195eb"}}}},"apiTier":"Standard","isCustomApiConnection":false}},"databaseReferences":{},"almMode":"Environment","performanceOptimizationEnabled":false,"canConsumeAppPass":true,"executionRestrictions":{"isTeamsOnly":false,"dataLossPreventionEvaluationResult":{"status":"Compliant","lastEvaluationDate":"2020-10-27T21:32:43.1039666Z","violationDetails":[]}}},"isAppComponentLibrary":false,"appType":"ClassicCanvasApp","appComponents":[]}}